{
  "project": "Computational Thermofluids: Heat Exchanger and Boiler Modeling",
  "shell_and_tube_case": {
    "q_w": 74759.99999999999,
    "m_water": 0.32440876545888475,
    "correction_factor": 0.7554471213739725,
    "dt_lm_counterflow": 21.64042561333445,
    "dt_lm_corrected": 16.348197234901093,
    "area": 5.556477867654972
  },
  "r134a_evaporator_case": {
    "T_evap_C": 0.0,
    "T_cond_C": 40.0,
    "P_evap_kPa": 292.80318233949066,
    "P_cond_kPa": 1016.5930221206401,
    "qL_kJ_per_kg": 142.19420907028658,
    "Q_kW": 486.30419502038006,
    "T_water_out_C": 8.177215768691667,
    "epsilon": 0.4548522820872233,
    "Re_water": 57798.9646826666,
    "Pr_water": 8.991840053003056,
    "Nu_water": 414.2252895779618,
    "h_water": 803.6777889859229,
    "U": 692.3866367212208,
    "dt_lm": 11.24575792991534,
    "area_m2": 62.45548824521611,
    "L_required_m": 66.2673311829594,
    "N_passes_continuous": 11.0445551971599,
    "N_passes_selected": 11,
    "L_selected_m": 66.0,
    "Q_selected_kW": 484.8759376989328,
    "T_water_out_selected_C": 8.197254032047795
  },
  "double_pipe_design": {
    "D_m": 0.006689866504488718,
    "L_m": 1.9012588359614047,
    "Q_W": 251.59347691602568,
    "T_hot_out_K": 300.28216186962163,
    "dt_lm_K": 50.14094861568368,
    "Re_cold": 25667.599147263263,
    "Re_hot": 22794.87198622708,
    "f_cold": 0.024560762610778795,
    "f_hot": 0.025298843819143556,
    "Nu_cold": 62.64251400464849,
    "Nu_hot": 56.92198368857054,
    "h_cold": 247.05863138287532,
    "h_hot": 255.37326881197254,
    "U": 125.5735757621865,
    "dp_cold_Pa": 15000.000000000024,
    "V_cold": 60.428301744817404,
    "V_hot": 70.55107692509242,
    "cp_cold": 1006.3739076641027,
    "cp_hot": 1009.2215460470534
  }
}
